Exp_ID,redu_1,redu_2
1.0,7.519617557525635,-9.897262573242188
2.0,0.4826134145259857,13.409425735473633
3.0,2.561366319656372,-4.701527118682861
4.0,1.055622935295105,14.548470497131348
5.0,1.1309126615524292,7.28780460357666
6.0,0.30875879526138306,13.264334678649902
7.0,6.386682033538818,7.592369556427002
8.0,8.851710319519043,10.337084770202637
9.0,16.0372314453125,8.57919979095459
10.0,-0.9332706928253174,11.668107032775879
11.0,0.312427282333374,-0.537197470664978
12.0,8.795591354370117,-9.307997703552246
13.0,16.055437088012695,-0.18147006630897522
14.0,-0.1514471471309662,2.8232221603393555
15.0,0.7790386080741882,-3.4041900634765625
16.0,-1.325257420539856,10.522770881652832
17.0,3.880930185317993,-8.076336860656738
18.0,1.410656213760376,-4.633857727050781
19.0,14.07768726348877,11.837869644165039
20.0,1.3898175954818726,15.08268928527832
21.0,10.832515716552734,12.138243675231934
22.0,9.273581504821777,11.387731552124023
23.0,16.74376678466797,5.10467529296875
24.0,0.8055221438407898,3.748507022857666
25.0,14.84543228149414,10.57630729675293
26.0,14.703986167907715,11.396310806274414
27.0,14.838708877563477,11.221068382263184
28.0,15.406914710998535,-0.46479466557502747
29.0,-0.44121554493904114,2.6328272819519043
30.0,0.696367084980011,-2.301081657409668
31.0,-1.2861053943634033,9.911873817443848
32.0,6.206816673278809,4.404967308044434
33.0,-0.6773136854171753,12.295343399047852
34.0,15.992115020751953,-0.22528216242790222
35.0,-0.8950987458229065,10.75145435333252
36.0,16.4815673828125,5.067570686340332
37.0,-0.16423647105693817,7.597090721130371
38.0,6.414007186889648,-9.411012649536133
39.0,-2.314944267272949,19.901878356933594
40.0,2.0435802936553955,-5.671844959259033
41.0,0.3204409182071686,6.923190116882324
42.0,2.9912641048431396,16.30156898498535
43.0,2.8619234561920166,-6.754226207733154
44.0,12.311141967773438,11.666501998901367
45.0,11.839107513427734,-5.233008861541748
46.0,16.025508880615234,10.51539134979248
47.0,1.5505586862564087,4.92523717880249
48.0,0.04846316948533058,7.58976936340332
49.0,-1.0365506410598755,11.839789390563965
50.0,-1.1611037254333496,11.76396369934082
51.0,-0.5379371047019958,0.04906468465924263
52.0,-4.254708290100098,2.2721452713012695
53.0,6.770255088806152,-9.905109405517578
54.0,10.621137619018555,-8.361507415771484
55.0,4.459839820861816,-7.577113151550293
56.0,6.174093246459961,6.018610954284668
57.0,-1.3456774950027466,8.154056549072266
58.0,1.0054818391799927,14.458415031433105
59.0,1.0111831426620483,7.19905948638916
60.0,1.8056217432022095,5.077245235443115
61.0,7.065960884094238,-9.83746337890625
62.0,1.2741578817367554,14.908417701721191
63.0,-1.5445023775100708,20.666698455810547
64.0,2.877232789993286,16.214221954345703
65.0,0.20368033647537231,7.701242923736572
66.0,-4.294887542724609,2.2560582160949707
67.0,14.749000549316406,-0.8440306782722473
68.0,0.7902336716651917,-1.7081902027130127
69.0,5.738360404968262,-8.566227912902832
70.0,11.012706756591797,-6.872940540313721
71.0,5.84123420715332,-9.371572494506836
72.0,4.805456161499023,-9.268526077270508
73.0,0.7452580332756042,-3.2114813327789307
74.0,12.112489700317383,-4.7952470779418945
75.0,1.4873167276382446,4.584856033325195
76.0,14.699288368225098,-0.8233934044837952
77.0,-0.6580462455749512,12.393203735351562
78.0,7.449375152587891,8.907730102539062
79.0,0.5634514093399048,2.0758652687072754
80.0,15.879783630371094,9.212294578552246
81.0,12.980606079101562,-3.4327616691589355
82.0,12.816514015197754,-4.083229064941406
83.0,0.9261457920074463,-2.142221212387085
84.0,13.174273490905762,-6.461331844329834
85.0,12.392282485961914,12.099475860595703
86.0,1.957202672958374,15.625964164733887
87.0,10.846275329589844,-8.695430755615234
88.0,1.1363366842269897,14.665545463562012
89.0,6.768188953399658,8.956899642944336
90.0,1.2826073169708252,7.152822971343994
91.0,16.50042724609375,8.967805862426758
92.0,15.496617317199707,9.318764686584473
93.0,12.37106704711914,11.756315231323242
94.0,3.3866405487060547,-7.091650485992432
95.0,13.0863676071167,-1.9415611028671265
96.0,-1.2280375957489014,7.913089752197266
97.0,16.57057762145996,7.146539211273193
98.0,-1.0978872776031494,12.096813201904297
99.0,7.772975444793701,-9.504616737365723
100.0,-1.2309846878051758,10.549592971801758
101.0,13.44619083404541,11.392833709716797
102.0,1.1425071954727173,7.2444562911987305
103.0,3.544154405593872,-7.849969863891602
104.0,14.693836212158203,-1.628727912902832
105.0,-0.054906215518713,-0.8990458846092224
106.0,0.3857969641685486,-0.9725551605224609
107.0,13.33414363861084,-3.6213254928588867
108.0,-2.0745058059692383,20.140840530395508
109.0,7.563389778137207,8.988198280334473
110.0,-1.1117762327194214,7.689160346984863
111.0,0.4787193834781647,13.425786972045898
112.0,6.242701530456543,6.6579270362854
113.0,11.474678993225098,-5.5881853103637695
114.0,2.7246906757354736,-6.545976161956787
115.0,-0.4727705717086792,-0.3393832743167877
116.0,7.855477809906006,-9.776972770690918
117.0,0.7917925119400024,4.616776943206787
118.0,0.7816078066825867,-3.978532075881958
119.0,2.1458687782287598,15.811624526977539
120.0,0.9805739521980286,-3.6872384548187256
121.0,-1.2466474771499634,10.42343807220459
122.0,1.561653971672058,4.669105052947998
123.0,-0.9499699473381042,11.923473358154297
124.0,16.143482208251953,6.85961389541626
125.0,6.636598587036133,9.005629539489746
126.0,12.3749361038208,-6.565732479095459
127.0,0.3833431303501129,13.315093040466309
128.0,-0.7509377002716064,12.347915649414062
129.0,2.9937450885772705,16.301523208618164
130.0,15.795796394348145,0.25213444232940674
131.0,16.714139938354492,7.196357250213623
132.0,0.20680828392505646,-0.6201026439666748
133.0,16.417030334472656,6.49551248550415
134.0,-0.30500271916389465,7.423964500427246
135.0,13.5847749710083,-3.374265670776367
136.0,-1.0131269693374634,7.720644950866699
137.0,0.8098703026771545,4.964944839477539
138.0,-4.272241592407227,2.258875608444214
139.0,-1.5914697647094727,8.824470520019531
140.0,10.749144554138184,-8.15730094909668
141.0,0.596491277217865,-0.6042279005050659
142.0,7.87144136428833,-9.786797523498535
143.0,15.79417896270752,0.47919899225234985
144.0,0.9302221536636353,-3.6561686992645264
145.0,10.443351745605469,-9.726181983947754
146.0,11.682394981384277,-7.487618446350098
147.0,14.222825050354004,11.880285263061523
148.0,13.29444694519043,-2.8076658248901367
149.0,-1.7700947523117065,8.601122856140137
150.0,9.898783683776855,11.43332290649414
151.0,10.751188278198242,-9.559382438659668
152.0,0.8754436373710632,3.6904969215393066
153.0,6.855713367462158,-9.867859840393066
154.0,10.83806324005127,11.572568893432617
155.0,17.401796340942383,1.6380373239517212
156.0,16.855690002441406,1.090315818786621
157.0,-1.5547735691070557,20.656253814697266
158.0,17.608428955078125,1.869309663772583
159.0,6.341604232788086,8.122170448303223
160.0,1.0676263570785522,-2.6728835105895996
161.0,-1.2173575162887573,7.880598068237305
162.0,6.049911975860596,-9.020477294921875
163.0,15.63560676574707,9.564651489257812
164.0,-1.2915854454040527,11.028764724731445
165.0,-1.9298139810562134,20.284915924072266
166.0,0.3024306893348694,3.5729334354400635
167.0,1.5551561117172241,6.135444164276123
168.0,0.554835319519043,13.480913162231445
169.0,8.755125999450684,10.212553024291992
170.0,15.678576469421387,8.317798614501953
171.0,2.450777769088745,-7.02744722366333
172.0,7.232080459594727,-9.504349708557129
173.0,17.805389404296875,2.5556557178497314
174.0,-1.3187086582183838,10.803675651550293
175.0,11.781225204467773,-7.072481155395508
176.0,11.453393936157227,-7.837410926818848
177.0,1.0562621355056763,-2.962402820587158
178.0,10.61130428314209,-9.264630317687988
179.0,13.148697853088379,-4.1876397132873535
180.0,-0.8604355454444885,11.957962989807129
181.0,0.46376657485961914,-0.46242672204971313
182.0,15.322615623474121,9.701507568359375
183.0,1.6477099657058716,-5.052584171295166
184.0,14.212620735168457,-1.5769367218017578
185.0,17.09929084777832,4.367310523986816
186.0,13.360427856445312,11.51591968536377
187.0,6.942237854003906,-9.819119453430176
188.0,0.17865769565105438,-0.08634885400533676
189.0,0.7401686906814575,-1.4673186540603638
190.0,11.082989692687988,-8.269186019897461
191.0,8.774319648742676,10.224119186401367
192.0,0.7661974430084229,4.479879379272461
193.0,16.6881160736084,7.726755619049072
194.0,-1.320971965789795,11.309952735900879
195.0,8.980369567871094,10.375988006591797
196.0,9.919997215270996,-9.304070472717285
197.0,1.5170934200286865,4.545907497406006
198.0,0.914716362953186,5.25650691986084
199.0,15.08601188659668,-1.2354161739349365
200.0,11.970407485961914,-5.76364803314209
201.0,13.558176040649414,-1.7512078285217285
202.0,15.43226146697998,9.427865982055664
203.0,15.999663352966309,9.873222351074219
204.0,0.025025388225913048,2.6830246448516846
205.0,-1.9903593063354492,20.225208282470703
206.0,13.220407485961914,-3.425987958908081
207.0,13.179736137390137,-3.19059419631958
208.0,11.197776794433594,-7.735541820526123
209.0,0.31656625866889954,1.9597138166427612
210.0,0.7723818421363831,7.891172409057617
211.0,16.22791290283203,0.8343625068664551
212.0,8.57649040222168,10.083507537841797
213.0,13.971331596374512,-1.4548001289367676
214.0,1.075609564781189,-2.7389323711395264
215.0,16.373380661010742,6.332059860229492
216.0,6.081737995147705,4.277903079986572
217.0,-0.952970564365387,12.387721061706543
218.0,1.1691107749938965,-4.244152069091797
219.0,1.5641275644302368,-4.920540809631348
220.0,2.0134902000427246,5.174328804016113
221.0,0.7975757122039795,-3.241809129714966
222.0,12.19560718536377,-4.939237594604492
223.0,16.431211471557617,6.158155918121338
224.0,0.9808067679405212,-2.1373677253723145
225.0,0.899937093257904,14.367208480834961
226.0,0.686446487903595,13.843449592590332
227.0,0.07682917267084122,-0.6334770321846008
228.0,15.230029106140137,-0.6781342029571533
229.0,5.893733501434326,-9.746382713317871
230.0,11.678531646728516,-7.250857353210449
231.0,-0.025760039687156677,-2.217867374420166
232.0,-1.7602486610412598,8.600582122802734
233.0,17.011091232299805,1.2100714445114136
234.0,2.4752161502838135,16.043346405029297
235.0,1.5590784549713135,6.1108598709106445
236.0,16.63352394104004,7.201255798339844
237.0,6.127588748931885,-9.232574462890625
238.0,9.555961608886719,-8.998800277709961
239.0,2.109414577484131,15.777203559875488
240.0,3.046661853790283,16.340730667114258
241.0,16.799373626708984,5.259907245635986
242.0,15.589079856872559,9.550896644592285
243.0,0.198053240776062,7.44531774520874
244.0,8.712965965270996,10.905069351196289
245.0,7.323147296905518,9.942730903625488
246.0,0.2965271472930908,3.5287344455718994
247.0,-0.25974002480506897,8.046520233154297
248.0,13.995802879333496,-1.5939463376998901
249.0,6.259990215301514,6.1994948387146
250.0,6.143530368804932,-9.605657577514648
251.0,14.798622131347656,-1.342161774635315
252.0,13.129045486450195,-3.5077664852142334
253.0,13.594017028808594,-3.4224236011505127
254.0,16.947254180908203,5.235239028930664
255.0,6.241857051849365,-9.25207805633545
256.0,13.17719841003418,-1.7801917791366577
257.0,10.09405517578125,11.22357177734375
258.0,16.373645782470703,5.7072882652282715
259.0,2.7049152851104736,-7.423574924468994
260.0,16.058025360107422,8.299406051635742
261.0,-1.8535515069961548,20.360280990600586
262.0,13.821555137634277,11.98111343383789
263.0,0.008460383862257004,12.988184928894043
264.0,13.482795715332031,-4.695340156555176
265.0,-1.3199872970581055,8.095115661621094
266.0,14.285394668579102,-2.3603553771972656
267.0,11.35437297821045,11.656632423400879
268.0,-0.032543718814849854,-0.4030877649784088
269.0,17.927215576171875,2.1494510173797607
270.0,16.987651824951172,2.381645679473877
271.0,13.715909004211426,-2.0041632652282715
272.0,0.17265674471855164,7.223484992980957
273.0,2.1932971477508545,15.857244491577148
274.0,15.739246368408203,8.07587718963623
275.0,15.073065757751465,11.137076377868652
276.0,11.74683666229248,11.866364479064941
277.0,11.828457832336426,11.684399604797363
278.0,-0.15038585662841797,2.5615696907043457
279.0,-0.024147870019078255,12.870083808898926
280.0,15.379440307617188,10.559075355529785
281.0,-1.7268632650375366,8.48563289642334
282.0,14.616480827331543,10.603789329528809
283.0,0.4755708575248718,13.483165740966797
284.0,15.74138069152832,-0.5019543766975403
285.0,-1.1265387535095215,7.808269023895264
286.0,0.5582188367843628,13.674351692199707
287.0,16.420082092285156,8.783194541931152
288.0,13.423620223999023,-3.391355037689209
289.0,14.387445449829102,-1.3677659034729004
290.0,8.728368759155273,10.295710563659668
291.0,12.056078910827637,-6.466524600982666
292.0,5.549823760986328,-8.760146141052246
293.0,0.7084645628929138,-3.205526828765869
294.0,13.30907154083252,-4.873154640197754
295.0,0.6116124391555786,-1.5513341426849365
296.0,8.772109985351562,-9.276826858520508
297.0,-0.7331839203834534,10.980396270751953
298.0,10.748360633850098,-9.110651016235352
299.0,15.480256080627441,7.930203437805176
300.0,17.511478424072266,0.7050554156303406
301.0,-0.314685583114624,-1.2647637128829956
302.0,16.611183166503906,7.583325386047363
303.0,3.503220796585083,-6.175540924072266
304.0,16.948001861572266,5.482061862945557
305.0,12.03632640838623,-5.178903579711914
306.0,15.716463088989258,0.302059531211853
307.0,11.025856018066406,-6.951496601104736
308.0,13.46042251586914,-2.480778217315674
309.0,13.907699584960938,10.97677993774414
310.0,7.74833869934082,-9.763641357421875
311.0,11.764050483703613,-6.506328582763672
312.0,-1.7392373085021973,20.47317123413086
313.0,5.133967876434326,-8.879658699035645
314.0,13.590733528137207,-3.8602592945098877
315.0,16.671607971191406,2.4628171920776367
316.0,-0.5886366367340088,-0.06772531569004059
317.0,16.73699378967285,9.100874900817871
318.0,-1.5762964487075806,20.634977340698242
319.0,3.2397468090057373,-5.9676513671875
320.0,-0.7928575873374939,12.404304504394531
321.0,16.595094680786133,8.921052932739258
322.0,0.6364449262619019,7.879976749420166
323.0,13.431042671203613,12.422273635864258
324.0,-0.5588288903236389,-0.03584685176610947
325.0,15.953651428222656,7.8212666511535645
326.0,-1.2585686445236206,11.4059419631958
327.0,16.358030319213867,0.9170775413513184
328.0,13.316583633422852,-6.509356498718262
329.0,6.046109676361084,7.243659019470215
330.0,-2.1398231983184814,20.076555252075195
331.0,11.321272850036621,11.945456504821777
332.0,12.105386734008789,-5.970466136932373
333.0,2.8549160957336426,-6.964407444000244
334.0,15.299575805664062,-1.8959370851516724
335.0,1.7017581462860107,4.8463568687438965
336.0,17.13186264038086,3.9872853755950928
337.0,16.266990661621094,4.314148902893066
338.0,18.33614730834961,2.1708197593688965
339.0,8.255805969238281,10.773344039916992
340.0,15.3590726852417,-0.40505480766296387
341.0,17.65994644165039,0.808463454246521
342.0,-0.9009262919425964,8.688814163208008
343.0,0.47648656368255615,-1.5119099617004395
344.0,16.026254653930664,7.297574520111084
345.0,17.395055770874023,-0.11071198433637619
346.0,0.5491217374801636,-3.0672807693481445
347.0,13.824577331542969,12.133246421813965
348.0,16.116064071655273,5.369118690490723
349.0,4.391034126281738,-8.214434623718262
350.0,16.181344985961914,7.515128135681152
351.0,16.617443084716797,4.21917200088501
352.0,15.793766021728516,-1.7865662574768066
353.0,14.875855445861816,10.456875801086426
354.0,-1.6277821063995361,8.419727325439453
355.0,10.029860496520996,11.086807250976562
356.0,17.60955047607422,1.8890231847763062
357.0,11.970373153686523,12.609789848327637
358.0,15.16187858581543,-1.2879191637039185
359.0,16.352458953857422,6.323482036590576
360.0,15.511591911315918,9.423473358154297
361.0,16.102130889892578,9.036133766174316
362.0,3.059152603149414,-6.535752773284912
363.0,-4.2558441162109375,2.275390148162842
364.0,2.066757917404175,15.737354278564453
365.0,4.341203212738037,-7.750039577484131
366.0,11.124696731567383,11.543240547180176
367.0,6.647776126861572,7.757140636444092
368.0,12.626883506774902,12.683704376220703
369.0,3.710415840148926,-6.973466396331787
370.0,13.727873802185059,-2.10135817527771
371.0,16.10556411743164,4.527866840362549
372.0,14.14695930480957,-2.820100784301758
373.0,10.837601661682129,-8.644240379333496
374.0,0.19958527386188507,7.202179431915283
375.0,16.3068790435791,5.747687816619873
376.0,13.37551498413086,-2.529398202896118
377.0,18.23227310180664,2.167837381362915
378.0,5.840472221374512,-8.786969184875488
379.0,-0.34137970209121704,2.721430540084839
380.0,7.890685081481934,-9.660589218139648
381.0,0.1656620055437088,7.604907035827637
382.0,1.4639241695404053,5.884511470794678
383.0,12.008599281311035,-6.894440174102783
384.0,0.06472403556108475,13.012444496154785
385.0,11.092169761657715,-8.369107246398926
386.0,4.985278129577637,-9.220536231994629
387.0,17.60917854309082,8.79503345489502
388.0,-0.9026551842689514,8.540197372436523
389.0,15.935474395751953,8.43660831451416
390.0,0.9948073625564575,-3.998663902282715
391.0,10.179871559143066,-9.486095428466797
392.0,11.67690372467041,-6.082739353179932
393.0,0.9376730918884277,5.444101333618164
394.0,15.42790699005127,-0.8161888122558594
395.0,3.9119439125061035,-6.708468437194824
396.0,9.385082244873047,10.928132057189941
397.0,2.600752115249634,-7.308562755584717
398.0,4.579595565795898,-7.580352306365967
399.0,5.636336326599121,0.41477638483047485
400.0,17.812952041625977,8.621540069580078
401.0,16.544713973999023,-0.2502060532569885
402.0,-0.12020279467105865,12.741477012634277
403.0,-1.1048579216003418,11.762972831726074
404.0,10.241209983825684,-8.286933898925781
405.0,0.25309064984321594,-0.20108704268932343
406.0,5.607694149017334,0.4437580704689026
407.0,-2.2983858585357666,19.918285369873047
408.0,6.185725688934326,4.6123046875
409.0,13.509635925292969,11.857945442199707
410.0,0.862301230430603,3.589661121368408
411.0,15.847623825073242,10.51992130279541
412.0,-0.35673224925994873,2.0967674255371094
413.0,11.451031684875488,-7.6710615158081055
414.0,8.655871391296387,11.204642295837402
415.0,14.369396209716797,11.795761108398438
416.0,15.760689735412598,7.7737345695495605
417.0,6.3615403175354,6.721201419830322
418.0,6.949315071105957,7.8871750831604
419.0,11.222676277160645,11.671184539794922
420.0,12.109485626220703,11.95905876159668
421.0,5.073366641998291,-9.418350219726562
422.0,6.383876800537109,-9.794050216674805
423.0,11.984786987304688,-4.9568047523498535
424.0,0.14119546115398407,2.581166982650757
425.0,14.024151802062988,-1.990490436553955
426.0,13.716496467590332,-5.88355016708374
427.0,14.874204635620117,-0.8229524493217468
428.0,15.421182632446289,7.82927131652832
429.0,1.0995604991912842,7.530582427978516
430.0,10.31838607788086,-9.195244789123535
431.0,15.511178970336914,8.061936378479004
432.0,1.3775277137756348,5.992919445037842
433.0,-0.3005870282649994,2.3848557472229004
434.0,0.6928698420524597,5.755326747894287
435.0,3.498081922531128,-6.972049236297607
436.0,-0.5391528010368347,-0.004092792514711618
437.0,14.244434356689453,10.950071334838867
438.0,16.19129753112793,9.880970001220703
439.0,0.04912103712558746,7.321354389190674
440.0,-0.6652151346206665,11.19155216217041
441.0,17.144533157348633,1.6512125730514526
442.0,12.101208686828613,-6.400644302368164
443.0,11.934561729431152,-6.295908451080322
444.0,-0.48340487480163574,-0.24982035160064697
445.0,2.9720709323883057,16.261613845825195
446.0,0.6218152046203613,3.8238391876220703
447.0,-1.5437655448913574,20.663938522338867
448.0,13.81457805633545,-3.2218360900878906
449.0,3.050562620162964,-4.417825222015381
450.0,2.913668632507324,-4.53914213180542
451.0,15.959624290466309,-1.9425314664840698
452.0,13.80874252319336,-5.709328651428223
453.0,2.4649012088775635,-4.923911094665527
454.0,-0.09043028205633163,12.7749605178833
455.0,5.485527992248535,3.3998968601226807
456.0,-0.26698365807533264,1.0196350812911987
457.0,5.602499961853027,3.5240650177001953
458.0,8.56573486328125,11.361666679382324
459.0,-0.8296868801116943,12.399303436279297
460.0,15.5715970993042,-0.7155272960662842
461.0,2.950721025466919,-5.48582124710083
462.0,2.6074235439300537,-4.874170303344727
463.0,3.090242862701416,-7.382320404052734
464.0,13.51003646850586,12.390164375305176
465.0,10.754345893859863,12.96336841583252
466.0,16.741674423217773,7.876367092132568
467.0,0.9287628531455994,14.342703819274902
468.0,1.9979631900787354,-5.189576625823975
469.0,12.866300582885742,-4.498198509216309
470.0,6.303724765777588,6.667057991027832
471.0,0.6763617396354675,-1.216174602508545
472.0,12.075685501098633,-6.550215244293213
473.0,0.9301543831825256,7.844544410705566
474.0,7.3203125,8.900771141052246
475.0,17.320552825927734,1.094875454902649
476.0,0.48182469606399536,-3.1519742012023926
477.0,2.8737847805023193,-6.135319709777832
478.0,0.706360936164856,-2.0722575187683105
479.0,1.6959086656570435,4.704985618591309
480.0,3.2381978034973145,-4.354835510253906
481.0,-0.2991090714931488,0.9232264161109924
482.0,14.257383346557617,10.852834701538086
483.0,1.1893079280853271,6.003817081451416
484.0,17.761512756347656,1.909350872039795
485.0,6.929324150085449,9.56261157989502
486.0,6.362807273864746,-9.382351875305176
487.0,10.6185941696167,11.851104736328125
488.0,0.003405136289075017,12.538750648498535
489.0,3.72299861907959,-6.205026149749756
490.0,15.046813011169434,11.070028305053711
491.0,6.015705585479736,4.220325469970703
492.0,3.021278142929077,16.321792602539062
493.0,16.016448974609375,10.49870491027832
494.0,12.847464561462402,12.587775230407715
495.0,9.749869346618652,-8.78717041015625
496.0,17.46072769165039,4.321147441864014
497.0,0.9056589007377625,5.976422309875488
498.0,1.052721619606018,14.534883499145508
499.0,0.2955177426338196,-0.44975849986076355
500.0,11.958678245544434,-6.117914199829102
501.0,9.766281127929688,-8.8781156539917
502.0,17.215351104736328,1.094053030014038
503.0,12.990669250488281,-5.497973918914795
504.0,12.208517074584961,-5.664713382720947
505.0,9.66354751586914,-8.37917709350586
506.0,1.3432687520980835,15.059154510498047
507.0,0.09604956954717636,-0.1353732943534851
508.0,2.997889995574951,16.289731979370117
509.0,2.1584880352020264,15.831828117370605
510.0,15.527641296386719,-2.4795825481414795
511.0,16.23025894165039,4.089724063873291
512.0,16.604225158691406,-1.192620038986206
513.0,9.5599365234375,11.41555404663086
514.0,0.6483873724937439,6.097959995269775
515.0,11.699759483337402,-5.329667091369629
516.0,-0.05863025411963463,-2.1555235385894775
517.0,11.453729629516602,-5.611236095428467
518.0,13.418490409851074,-6.406315803527832
519.0,16.87019920349121,5.210697650909424
520.0,8.332168579101562,10.925398826599121
521.0,15.96416187286377,9.859786033630371
522.0,0.063230961561203,-0.11211507767438889
523.0,16.109668731689453,8.994556427001953
524.0,10.70594596862793,-9.602054595947266
525.0,5.504703521728516,-9.608724594116211
526.0,12.85550594329834,-6.313351631164551
527.0,10.085734367370605,-9.429454803466797
528.0,15.450812339782715,10.645877838134766
529.0,0.34630897641181946,2.139082431793213
530.0,10.917168617248535,-7.190179824829102
531.0,0.3921221196651459,7.882433891296387
532.0,13.634564399719238,12.33114242553711
533.0,16.42784309387207,8.789606094360352
534.0,1.4175872802734375,6.590303421020508
535.0,0.029430178925395012,0.309370219707489
536.0,16.42486000061035,7.769775867462158
537.0,0.9852116703987122,7.48798942565918
538.0,14.863753318786621,-2.173959970474243
539.0,0.5632316470146179,6.979892730712891
540.0,16.963014602661133,7.403268814086914
541.0,16.342397689819336,5.596685886383057
542.0,5.461633682250977,3.390120506286621
543.0,2.964181661605835,-7.63386869430542
544.0,13.34284496307373,12.374027252197266
545.0,9.978775978088379,-9.280795097351074
546.0,12.568572998046875,12.45128059387207
547.0,16.139196395874023,-0.2632915675640106
548.0,17.529781341552734,4.130176067352295
549.0,-1.301329255104065,10.5770902633667
550.0,10.52489185333252,-8.938006401062012
551.0,16.88650131225586,4.2460503578186035
552.0,16.57126808166504,1.3253918886184692
553.0,7.024197578430176,7.964508056640625
554.0,15.751879692077637,10.624762535095215
555.0,11.72350788116455,12.535399436950684
556.0,9.830362319946289,-8.317882537841797
557.0,17.276060104370117,3.972234010696411
558.0,7.312184810638428,9.684231758117676
559.0,15.850948333740234,-1.8434644937515259
560.0,16.82737922668457,0.10502402484416962
561.0,7.414499759674072,9.404767036437988
562.0,6.601144313812256,8.70001220703125
563.0,13.742919921875,-2.2810122966766357
564.0,0.7383946776390076,7.867169380187988
565.0,16.556989669799805,0.19013004004955292
566.0,13.049328804016113,12.618704795837402
567.0,1.0766679048538208,7.67894172668457
568.0,18.279071807861328,2.2783164978027344
569.0,1.91981840133667,-5.228104114532471
570.0,15.906657218933105,-1.4295443296432495
571.0,7.869174957275391,9.77345085144043
572.0,6.267515182495117,6.80740213394165
573.0,6.509495258331299,-9.465569496154785
574.0,15.630456924438477,9.117820739746094
575.0,6.173417568206787,5.617973327636719
576.0,15.047355651855469,10.516060829162598
577.0,-0.5465059876441956,8.233391761779785
578.0,17.886882781982422,8.472886085510254
579.0,17.100038528442383,0.7370174527168274
580.0,15.81440544128418,-1.6695197820663452
581.0,5.366204738616943,-9.177967071533203
582.0,1.0056365728378296,-3.471865653991699
583.0,6.22314977645874,5.638874053955078
584.0,14.3649263381958,10.817913055419922
585.0,3.8735649585723877,-6.423513412475586
586.0,1.7904384136199951,15.49302864074707
587.0,0.2096073031425476,12.819679260253906
588.0,6.813809394836426,7.694797039031982
589.0,0.8377503752708435,7.415802478790283
590.0,5.570830821990967,-9.612885475158691
591.0,8.913919448852539,-9.139143943786621
592.0,10.379931449890137,-7.8053693771362305
593.0,16.543853759765625,1.9288884401321411
594.0,14.709417343139648,11.96304988861084
595.0,-0.8913751244544983,12.450716972351074
596.0,12.676209449768066,12.569510459899902
597.0,12.186671257019043,-5.100247383117676
598.0,0.42218804359436035,-2.8675239086151123
599.0,13.922252655029297,-5.3589863777160645
600.0,16.36014747619629,6.415191173553467
601.0,15.102180480957031,11.39108943939209
602.0,1.3458693027496338,15.053353309631348
603.0,15.047362327575684,-0.8097385168075562
604.0,12.18937873840332,12.227215766906738
605.0,13.482027053833008,-1.688123345375061
606.0,4.058599472045898,-8.147025108337402
607.0,9.777688026428223,11.911490440368652
608.0,0.5577729940414429,2.1852715015411377
609.0,16.32916259765625,-0.10857803374528885
610.0,10.150385856628418,-9.410846710205078
611.0,16.19672393798828,9.296499252319336
612.0,10.378438949584961,11.895215034484863
613.0,4.385035037994385,-8.729387283325195
614.0,0.9295331835746765,7.595578670501709
615.0,15.533801078796387,-0.5060663223266602
616.0,14.179932594299316,11.763277053833008
617.0,0.7037290930747986,6.955390453338623
618.0,0.14073775708675385,3.349334716796875
619.0,15.60838794708252,-1.9875184297561646
620.0,13.959521293640137,-3.199573040008545
621.0,15.537787437438965,10.144968032836914
622.0,13.129303932189941,-4.978817462921143
623.0,15.488680839538574,-1.37577223777771
624.0,18.148897171020508,2.4516913890838623
625.0,9.401857376098633,-8.734686851501465
626.0,17.893903732299805,2.286975383758545
627.0,10.028162002563477,-9.63723087310791
628.0,16.66431999206543,8.389906883239746
629.0,5.671314239501953,0.3793807327747345
630.0,1.8067970275878906,-5.179315090179443
631.0,16.105775833129883,7.908080101013184
632.0,0.7677667140960693,14.084639549255371
633.0,6.5726213455200195,8.840812683105469
634.0,2.854257345199585,-7.188125133514404
635.0,15.620805740356445,7.704184055328369
636.0,-1.395457148551941,9.140968322753906
637.0,17.784330368041992,2.127931594848633
638.0,17.07423210144043,5.239401817321777
639.0,7.861301898956299,10.909640312194824
640.0,8.786749839782715,10.620023727416992
641.0,5.017953395843506,-9.070487976074219
642.0,3.3885891437530518,-6.015923023223877
643.0,15.499518394470215,-0.2016630321741104
644.0,14.956583023071289,11.172273635864258
645.0,2.982306718826294,-4.48282527923584
646.0,11.458527565002441,-5.510858535766602
647.0,13.680699348449707,12.31052303314209
648.0,16.889175415039062,-0.531515896320343
649.0,17.85982322692871,8.589106559753418
650.0,14.481060028076172,10.722256660461426
651.0,16.702560424804688,4.156425476074219
652.0,5.6150970458984375,0.4436366558074951
653.0,5.870121955871582,-9.26881217956543
654.0,14.581155776977539,10.776572227478027
655.0,13.423667907714844,-2.1750125885009766
656.0,11.141318321228027,12.029434204101562
657.0,-0.37779417634010315,1.5278139114379883
658.0,15.294415473937988,-0.8723245859146118
659.0,0.1743963062763214,-0.031699005514383316
660.0,17.079851150512695,5.041537284851074
661.0,8.356330871582031,10.044167518615723
662.0,14.71570110321045,-1.021223545074463
663.0,8.001503944396973,-9.424449920654297
664.0,14.94171142578125,10.715136528015137
665.0,12.863036155700684,12.756094932556152
666.0,-0.5671169757843018,7.430946350097656
667.0,14.383404731750488,-1.6419565677642822
668.0,10.213984489440918,-9.565999031066895
669.0,9.879667282104492,11.032032012939453
670.0,-0.22872905433177948,-1.683227777481079
671.0,15.685129165649414,-1.1975175142288208
672.0,11.71580696105957,-6.018901824951172
673.0,1.0066145658493042,-2.794177770614624
674.0,0.7162513732910156,-4.17465877532959
675.0,16.190235137939453,6.640453338623047
676.0,0.3774252235889435,7.000714302062988
677.0,6.1778669357299805,5.493326187133789
678.0,6.681262493133545,7.444411754608154
679.0,6.26630973815918,6.050665378570557
680.0,0.4041052758693695,1.993858814239502
681.0,16.66269302368164,5.841434478759766
682.0,7.071793556213379,9.828728675842285
683.0,13.13312816619873,-3.708712339401245
684.0,14.199018478393555,-1.310158133506775
685.0,14.741275787353516,-1.6988590955734253
686.0,16.819198608398438,7.811087131500244
687.0,6.678527355194092,7.623355388641357
688.0,0.805527925491333,5.927646636962891
689.0,15.787139892578125,-0.9596747159957886
690.0,17.419363021850586,0.2931932508945465
691.0,0.8703997731208801,5.306450843811035
692.0,13.239145278930664,-2.083530902862549
693.0,-0.4066963791847229,11.821803092956543
694.0,13.412557601928711,11.596612930297852
695.0,10.673467636108398,-8.00542163848877
696.0,0.2962138056755066,-1.829288125038147
697.0,-0.35546720027923584,-1.458770990371704
698.0,0.700776994228363,3.9259095191955566
699.0,-0.16048304736614227,0.5801795721054077
700.0,17.27806282043457,1.1322790384292603
701.0,15.888096809387207,-1.3021587133407593
702.0,16.735746383666992,3.289351224899292
703.0,3.805732011795044,-6.611907482147217
704.0,15.190235137939453,-0.7206197381019592
705.0,16.018089294433594,3.7521729469299316
706.0,8.507563591003418,-9.331878662109375
707.0,-1.2304397821426392,10.587618827819824
708.0,2.7685649394989014,-7.392495632171631
709.0,15.90589714050293,8.636630058288574
710.0,0.21018913388252258,1.834848403930664
711.0,15.583026885986328,-1.423628568649292
712.0,14.824925422668457,11.0531644821167
713.0,-0.2629953920841217,-1.7224600315093994
714.0,16.70274543762207,5.608131408691406
715.0,-0.38511785864830017,12.583720207214355
716.0,15.934253692626953,10.235612869262695
717.0,14.538778305053711,-1.519991159439087
718.0,12.319295883178711,-5.646669864654541
719.0,17.819133758544922,1.0306477546691895
720.0,15.976812362670898,9.858650207519531
721.0,12.016440391540527,12.532923698425293
722.0,3.673229455947876,-6.473484516143799
723.0,16.491668701171875,6.716682434082031
724.0,17.49850845336914,1.5637813806533813
725.0,13.618908882141113,-2.5086941719055176
726.0,13.30073070526123,-4.90818977355957
727.0,16.291790008544922,9.656579971313477
728.0,1.7986401319503784,-5.367743968963623
729.0,5.649425983428955,0.4009668231010437
730.0,10.450532913208008,11.997221946716309
731.0,16.400001525878906,9.128765106201172
732.0,5.509327411651611,-9.295684814453125
733.0,3.0706701278686523,-4.447196006774902
734.0,-1.8457587957382202,20.36804962158203
735.0,16.606582641601562,1.7173302173614502
736.0,12.983518600463867,-3.5705223083496094
737.0,13.957697868347168,-2.5086147785186768
738.0,12.51726245880127,-4.616152286529541
739.0,10.214522361755371,-9.600590705871582
740.0,2.4989914894104004,-6.282822608947754
741.0,6.932734966278076,-10.1665678024292
742.0,16.77315330505371,0.1176057830452919
743.0,0.9482226967811584,7.395595550537109
744.0,-1.1673191785812378,11.085426330566406
745.0,1.137858510017395,5.825592994689941
746.0,12.657384872436523,-4.484633445739746
747.0,10.182653427124023,-8.714495658874512
748.0,11.151718139648438,12.55109977722168
749.0,15.62425422668457,-0.9872960448265076
750.0,13.502717018127441,-2.5413320064544678
751.0,1.4009143114089966,15.130156517028809
752.0,4.404570579528809,-7.285999298095703
753.0,14.751163482666016,11.144744873046875
754.0,5.877434730529785,-9.275163650512695
755.0,1.3249411582946777,6.011354923248291
756.0,18.071325302124023,8.311506271362305
757.0,-0.2487381100654602,1.3286296129226685
758.0,14.517160415649414,-1.1942194700241089
759.0,-0.16498106718063354,0.5585919618606567
760.0,8.549820899963379,11.215310096740723
761.0,0.8315240740776062,7.678452968597412
762.0,12.89738941192627,12.465538024902344
763.0,8.321423530578613,10.115360260009766
764.0,14.79234504699707,11.817427635192871
765.0,6.3498005867004395,7.409432888031006
766.0,12.106746673583984,12.329156875610352
767.0,10.63528060913086,-8.777546882629395
768.0,0.7022241950035095,4.0288848876953125
769.0,15.9140043258667,9.032978057861328
770.0,16.263261795043945,7.953624248504639
771.0,13.156057357788086,-3.9998905658721924
772.0,0.863244891166687,-2.643796682357788
773.0,11.926615715026855,-7.235899448394775
774.0,13.085592269897461,-4.04551362991333
775.0,14.464730262756348,11.969839096069336
776.0,16.117727279663086,4.640719413757324
777.0,16.908735275268555,-0.15744884312152863
778.0,11.33116626739502,11.950410842895508
779.0,10.437797546386719,-7.950809478759766
780.0,15.466564178466797,-2.7271840572357178
781.0,15.958648681640625,-1.848935604095459
782.0,16.86468505859375,-0.5805381536483765
783.0,0.1577550768852234,2.383584499359131
784.0,2.617934465408325,-4.6239423751831055
785.0,3.8997979164123535,-7.5652852058410645
786.0,11.075752258300781,-7.274453639984131
787.0,13.840019226074219,12.083805084228516
788.0,13.953564643859863,-3.080458641052246
789.0,2.761345148086548,-4.957370281219482
790.0,-0.3687683939933777,1.8855860233306885
791.0,8.779067039489746,10.942883491516113
792.0,16.447769165039062,0.010049988515675068
793.0,0.6552988886833191,-3.1820032596588135
794.0,15.127856254577637,-1.581921100616455
795.0,-1.3124408721923828,11.738977432250977
796.0,13.751873016357422,12.207253456115723
797.0,12.351834297180176,-5.344018459320068
798.0,17.730663299560547,1.6102217435836792
799.0,11.034893035888672,12.602962493896484
800.0,0.6560265421867371,4.03246545791626
801.0,7.290382385253906,-9.315914154052734
802.0,15.560359954833984,10.402281761169434
803.0,2.8843491077423096,-7.582584381103516
804.0,16.922025680541992,8.83083438873291
805.0,-1.2176507711410522,9.178502082824707
806.0,14.199379920959473,-2.727830171585083
807.0,0.8159739375114441,3.7306900024414062
808.0,13.111560821533203,12.418217658996582
809.0,0.5453015565872192,2.648026466369629
810.0,10.538825988769531,-9.07346248626709
811.0,0.049684420228004456,12.643631935119629
812.0,9.47457504272461,-8.462998390197754
813.0,14.85957145690918,10.651716232299805
814.0,15.862034797668457,9.992156982421875
815.0,0.8290724754333496,-3.9887402057647705
816.0,17.07051658630371,-0.1664048284292221
817.0,7.946415901184082,10.855013847351074
818.0,5.059667110443115,-8.186678886413574
819.0,6.606082916259766,-9.957731246948242
820.0,5.20832633972168,-9.263761520385742
821.0,13.069968223571777,-5.244566917419434
822.0,-1.7716968059539795,8.578468322753906
823.0,10.119828224182129,-8.375659942626953
824.0,11.585896492004395,12.549786567687988
825.0,9.293724060058594,-9.082331657409668
826.0,12.331034660339355,-5.476860523223877
827.0,0.7539108991622925,4.340142726898193
828.0,6.786021709442139,7.864128589630127
829.0,13.445962905883789,-1.7355585098266602
830.0,3.109414577484131,-4.393788814544678
831.0,12.703596115112305,11.766898155212402
832.0,0.8328691124916077,-2.1827237606048584
833.0,9.750018119812012,-8.384380340576172
834.0,5.88530158996582,7.92617654800415
835.0,17.161405563354492,4.884479999542236
836.0,17.423988342285156,2.0573525428771973
837.0,7.7404866218566895,10.750070571899414
838.0,16.11899185180664,7.644582271575928
839.0,17.15493392944336,1.3971717357635498
840.0,11.918779373168945,-7.367396354675293
841.0,9.998624801635742,-9.117950439453125
842.0,6.700639247894287,-9.341022491455078
843.0,13.947080612182617,-5.604288101196289
844.0,0.7597410678863525,5.940393924713135
845.0,0.8334407210350037,4.353423595428467
846.0,2.7496392726898193,-6.780741214752197
847.0,14.022954940795898,-2.2712278366088867
848.0,7.837888240814209,-9.8616943359375
849.0,13.071629524230957,-5.222097396850586
850.0,10.228842735290527,-8.830483436584473
851.0,-4.2159624099731445,2.2967634201049805
852.0,0.06369943916797638,-2.1375620365142822
853.0,-1.2358272075653076,10.805520057678223
854.0,11.574957847595215,11.892000198364258
855.0,2.1506433486938477,15.816679954528809
856.0,10.325060844421387,-7.875734329223633
857.0,1.9177742004394531,5.1585164070129395
858.0,14.388995170593262,-2.445007085800171
859.0,13.9298095703125,12.00944995880127
860.0,11.77038288116455,-6.518280029296875
861.0,11.634988784790039,12.078327178955078
862.0,8.159562110900879,-9.427093505859375
863.0,8.839578628540039,-8.967486381530762
864.0,13.230982780456543,-6.549306392669678
865.0,5.8287353515625,-9.176043510437012
866.0,11.926700592041016,-6.3054304122924805
867.0,-0.4122273027896881,2.535876989364624
868.0,0.4634453058242798,13.456013679504395
869.0,9.316011428833008,12.104883193969727
870.0,16.08324432373047,9.255010604858398
871.0,12.962817192077637,-5.053811073303223
872.0,17.790775299072266,0.8339871168136597
873.0,4.047617435455322,-6.559530258178711
874.0,15.994014739990234,10.315054893493652
875.0,15.871370315551758,-1.5350884199142456
876.0,10.426133155822754,-9.30653190612793
877.0,0.3383449614048004,7.623703956604004
878.0,7.351071357727051,9.84611988067627
879.0,15.581729888916016,-1.188814640045166
880.0,6.219103813171387,7.129292964935303
881.0,1.3754793405532837,6.183932781219482
882.0,13.008443832397461,-3.7107956409454346
883.0,15.058313369750977,-1.2619575262069702
884.0,16.39613151550293,4.046195983886719
885.0,16.5253849029541,6.148913383483887
886.0,14.873196601867676,-1.579156517982483
887.0,-0.28687068819999695,12.072566986083984
888.0,-0.46495312452316284,2.600123882293701
889.0,15.52278995513916,7.778470516204834
890.0,14.765363693237305,12.03309440612793
891.0,10.521117210388184,-9.719532012939453
892.0,6.204075813293457,7.5204010009765625
893.0,15.94369888305664,10.087246894836426
894.0,-0.30595114827156067,1.2784725427627563
895.0,17.71843147277832,1.0357190370559692
896.0,5.288852691650391,-8.829957008361816
897.0,12.158134460449219,-5.834670543670654
898.0,-0.8971846103668213,8.706096649169922
899.0,0.970266580581665,-3.812370538711548
900.0,18.00946044921875,2.126131772994995
901.0,7.519409656524658,9.892500877380371
902.0,10.662400245666504,-7.666029930114746
903.0,17.464969635009766,1.7169976234436035
904.0,15.567716598510742,11.20643138885498
905.0,12.75609016418457,12.535111427307129
906.0,2.053065538406372,15.725547790527344
907.0,16.923158645629883,-0.3471687436103821
908.0,0.20687101781368256,-0.3366192877292633
909.0,9.767149925231934,12.209010124206543
910.0,5.678249835968018,0.37063220143318176
911.0,16.903980255126953,3.1543591022491455
912.0,2.4567971229553223,-6.866460800170898
913.0,7.138741493225098,-9.390158653259277
914.0,7.212976932525635,-9.4118070602417
915.0,5.560287952423096,3.5605218410491943
916.0,5.560174942016602,3.49574875831604
917.0,16.829952239990234,1.836728811264038
918.0,6.537065505981445,-9.077117919921875
919.0,0.5937077403068542,-0.8697933554649353
920.0,8.869091987609863,10.453468322753906
921.0,-0.5524030923843384,12.239250183105469
922.0,15.778416633605957,5.042580604553223
923.0,1.1252323389053345,-3.2736926078796387
924.0,0.17129701375961304,-0.10464419424533844
925.0,0.6645214557647705,-4.172572135925293
926.0,16.74980354309082,5.445106029510498
927.0,6.2984442710876465,6.488462924957275
928.0,1.7813278436660767,-5.433813095092773
929.0,10.940288543701172,12.060219764709473
930.0,-0.03571128845214844,-1.1884390115737915
931.0,16.265562057495117,8.584990501403809
932.0,18.032676696777344,8.315207481384277
933.0,0.11556609719991684,-2.58198618888855
934.0,17.2607421875,9.020621299743652
935.0,15.798694610595703,0.10145514458417892
936.0,12.060057640075684,-7.073531150817871
937.0,9.987031936645508,-8.906872749328613
938.0,4.277973175048828,-8.375728607177734
939.0,0.19407595694065094,1.9211256504058838
940.0,1.0350042581558228,5.727057456970215
941.0,2.8126115798950195,-4.684408187866211
942.0,0.35300594568252563,-2.9271399974823
943.0,12.099777221679688,-4.99685525894165
944.0,17.7764949798584,2.2454543113708496
945.0,16.632762908935547,-0.43363848328590393
946.0,12.323223114013672,-6.615777969360352
947.0,14.875419616699219,11.160931587219238
948.0,16.384252548217773,6.924741744995117
949.0,16.79315948486328,1.6134546995162964
950.0,13.21568775177002,-6.705090045928955
951.0,13.17698860168457,-1.767384648323059
952.0,17.80681610107422,2.4440629482269287
953.0,5.655200958251953,0.3937614858150482
954.0,17.070972442626953,8.741318702697754
955.0,-0.1843375861644745,0.8414372205734253
956.0,8.705626487731934,-9.668492317199707
957.0,13.011985778808594,-6.849666118621826
958.0,0.41681233048439026,2.6474015712738037
959.0,15.300955772399902,-1.961439609527588
960.0,2.2442572116851807,-5.588660717010498
961.0,-1.184283971786499,11.883122444152832
962.0,11.908102989196777,-5.2534403800964355
963.0,6.941920280456543,8.801519393920898
964.0,16.200336456298828,-0.4994218945503235
965.0,16.876625061035156,7.410333156585693
966.0,-1.238740086555481,8.115242958068848
967.0,10.518841743469238,11.68132209777832
968.0,8.114487648010254,10.329980850219727
969.0,1.109747052192688,7.651336193084717
970.0,14.529621124267578,-2.8034284114837646
971.0,0.4330640137195587,-2.7597806453704834
972.0,14.230072021484375,-2.072373390197754
973.0,13.585877418518066,-3.3581223487854004
974.0,5.636189937591553,-8.840871810913086
975.0,3.6123619079589844,-6.639654159545898
976.0,12.561812400817871,12.429277420043945
977.0,11.919964790344238,-5.318497180938721
978.0,15.010014533996582,-1.4256718158721924
979.0,16.32159996032715,4.159154415130615
980.0,16.175695419311523,3.7546095848083496
981.0,5.051966190338135,-8.622383117675781
982.0,16.1813907623291,-0.10087892413139343
983.0,0.4914395809173584,13.543736457824707
984.0,0.5100867748260498,-2.863525390625
985.0,14.26237964630127,-1.1615184545516968
986.0,5.650406360626221,-8.829957962036133
987.0,15.851238250732422,8.700721740722656
988.0,6.787230014801025,-9.55559253692627
989.0,0.5091453790664673,13.53458309173584
990.0,15.959527015686035,10.452341079711914
991.0,12.98979663848877,-3.8316192626953125
992.0,13.139394760131836,-3.280235528945923
993.0,12.533007621765137,-4.999112129211426
994.0,0.6744256019592285,-4.247519493103027
995.0,11.983705520629883,-5.181134223937988
996.0,0.6237472295761108,2.943486213684082
997.0,-0.4822044372558594,7.424899101257324
998.0,17.227188110351562,-0.15774428844451904
999.0,16.337430953979492,-0.29690051078796387
1000.0,10.017745971679688,-9.107904434204102
1001.0,13.776875495910645,-3.516092300415039
1002.0,12.921529769897461,-3.7923083305358887
1003.0,14.989157676696777,-1.9932889938354492
1004.0,17.286914825439453,-0.211224764585495
1005.0,14.144875526428223,-2.688227653503418
1006.0,13.409992218017578,-4.855688095092773
1007.0,17.683324813842773,3.0293025970458984
1008.0,1.4050474166870117,-4.357609272003174
1009.0,15.603531837463379,10.9779691696167
1010.0,17.55887794494629,2.285256862640381
1011.0,10.40226936340332,-7.977472305297852
1012.0,-0.32715466618537903,0.2801264226436615
1013.0,-2.2554738521575928,19.962034225463867
1014.0,8.3076753616333,-9.523627281188965
1015.0,18.29349136352539,2.2840487957000732
1016.0,5.4705119132995605,-8.204702377319336
1017.0,15.074127197265625,11.097417831420898
1018.0,12.454950332641602,12.429280281066895
1019.0,1.0537521839141846,7.555408000946045
1020.0,9.191612243652344,11.986608505249023
1021.0,8.806397438049316,-9.102882385253906
1022.0,5.229057312011719,-8.956527709960938
1023.0,16.23049545288086,7.91839075088501
1024.0,16.499624252319336,6.6178765296936035
1025.0,2.632054090499878,-4.937981128692627
1026.0,8.248117446899414,10.347382545471191
1027.0,15.94604778289795,5.101665496826172
1028.0,17.901287078857422,8.25222396850586
1029.0,13.743247985839844,-2.0364019870758057
1030.0,7.104188442230225,9.042905807495117
1031.0,0.05926819145679474,-1.7592806816101074
1032.0,16.06453514099121,9.213542938232422
1033.0,16.609878540039062,1.4889265298843384
1034.0,16.398862838745117,7.622387886047363
1035.0,16.851194381713867,9.025589942932129
1036.0,15.862232208251953,10.468053817749023
1037.0,13.514232635498047,-5.100986957550049
1038.0,4.8037543296813965,-9.256778717041016
1039.0,16.445480346679688,8.141037940979004
1040.0,11.800873756408691,-5.331902503967285
1041.0,14.001771926879883,-3.2225184440612793
1042.0,15.449224472045898,-2.8615520000457764
1043.0,7.070708274841309,9.301074981689453
1044.0,13.343274116516113,11.790771484375
1045.0,10.191061973571777,-8.914366722106934
1046.0,16.716320037841797,4.338380813598633
1047.0,-1.184058666229248,8.030176162719727
1048.0,0.46363571286201477,-1.1228928565979004
1049.0,14.327418327331543,-2.3952741622924805
1050.0,11.873578071594238,-5.099040508270264
1051.0,0.6219609975814819,6.885226249694824
1052.0,7.182889461517334,9.476871490478516
1053.0,1.9645708799362183,5.191125392913818
1054.0,0.23758313059806824,1.9982668161392212
1055.0,8.057463645935059,11.00988483428955
1056.0,13.355401992797852,-4.753021240234375
1057.0,0.6603219509124756,13.610363960266113
1058.0,11.332674026489258,-7.543392658233643
1059.0,2.7840657234191895,-7.503349781036377
1060.0,0.12315421551465988,2.542489767074585
1061.0,12.506568908691406,-4.8885369300842285
1062.0,8.078940391540527,10.677068710327148
1063.0,0.8811435699462891,-3.5210633277893066
1064.0,0.14526531100273132,2.672290802001953
1065.0,13.755463600158691,-1.7322391271591187
1066.0,11.755021095275879,12.587347030639648
1067.0,13.574495315551758,-4.136082649230957
1068.0,16.079614639282227,9.9937105178833
1069.0,15.95194149017334,-2.0367960929870605
1070.0,-0.46877142786979675,2.542614459991455
1071.0,13.711858749389648,11.749332427978516
1072.0,13.8974027633667,-5.376886367797852
1073.0,6.778895854949951,9.230892181396484
1074.0,14.624710083007812,-2.3018715381622314
1075.0,13.186365127563477,-6.5834197998046875
1076.0,15.943589210510254,7.64682674407959
1077.0,17.437814712524414,3.5973498821258545
1078.0,15.984819412231445,-1.7701359987258911
1079.0,13.562915802001953,12.289984703063965
1080.0,17.321468353271484,8.382218360900879
1081.0,2.818079948425293,-6.558260917663574
1082.0,2.5948903560638428,-7.188523292541504
1083.0,2.3901023864746094,-5.838806629180908
1084.0,0.32088926434516907,-0.612095832824707
1085.0,17.03845977783203,3.668281316757202
1086.0,8.062875747680664,9.9650297164917
1087.0,16.8551025390625,4.355607032775879
1088.0,1.2793933153152466,14.939170837402344
1089.0,7.521313190460205,10.008481979370117
1090.0,-0.24008454382419586,-0.6237691640853882
1091.0,-1.194670557975769,8.17357063293457
1092.0,9.35669231414795,-8.50108814239502
1093.0,-0.2597194314002991,-1.751045823097229
1094.0,10.291275024414062,-9.557785987854004
1095.0,5.896473407745361,-9.355391502380371
1096.0,16.91472625732422,1.7761949300765991
1097.0,16.17005157470703,2.9214727878570557
1098.0,6.559255599975586,7.440757751464844
1099.0,9.786066055297852,11.697860717773438
1100.0,6.012570381164551,4.185418128967285
1101.0,2.1670053005218506,15.82455062866211
1102.0,8.265704154968262,10.009317398071289
1103.0,10.974963188171387,12.546506881713867
1104.0,9.368544578552246,-9.579294204711914
1105.0,-0.6062279939651489,12.181207656860352
1106.0,6.43064022064209,-9.127439498901367
1107.0,6.82743501663208,8.7899169921875
1108.0,7.047274589538574,8.58316421508789
1109.0,15.029314994812012,-1.0723843574523926
1110.0,17.8286190032959,1.7620128393173218
1111.0,-1.7492077350616455,8.57072925567627
1112.0,12.984108924865723,-4.5325751304626465
1113.0,2.454824686050415,-5.424307823181152
1114.0,13.744218826293945,-3.617431402206421
1115.0,11.524718284606934,-5.601289749145508
1116.0,9.213016510009766,-9.197348594665527
1117.0,12.499555587768555,-6.632071495056152
1118.0,11.558257102966309,-7.241682529449463
1119.0,15.906947135925293,4.192237377166748
1120.0,12.467745780944824,-7.037011623382568
1121.0,0.740617573261261,-4.115324020385742
1122.0,15.60120964050293,7.747588634490967
1123.0,16.75103187561035,1.8043906688690186
1124.0,12.929540634155273,-6.205045700073242
1125.0,17.332258224487305,3.67799973487854
1126.0,3.900763988494873,-6.3947038650512695
1127.0,0.7349759340286255,-3.02131986618042
1128.0,15.768088340759277,8.101566314697266
1129.0,17.848514556884766,1.7651619911193848
1130.0,6.172347545623779,4.4151153564453125
1131.0,13.894792556762695,-3.320819616317749
1132.0,13.212894439697266,-3.9039127826690674
1133.0,16.2346248626709,0.03716820850968361
1134.0,15.924537658691406,4.847503185272217
1135.0,15.350569725036621,11.462894439697266
1136.0,5.6470794677734375,0.4030373990535736
1137.0,11.868647575378418,-7.377762794494629
1138.0,6.157583236694336,5.228374481201172
1139.0,10.747252464294434,12.884420394897461
1140.0,1.2131320238113403,-3.24137282371521
1141.0,6.446288108825684,8.420772552490234
1142.0,-0.4450457692146301,2.4866178035736084
1143.0,-0.25778064131736755,7.5736212730407715
1144.0,13.705376625061035,-3.757383346557617
1145.0,15.917181968688965,0.3824111521244049
1146.0,0.7139045596122742,5.7630157470703125
1147.0,17.596908569335938,2.394249439239502
1148.0,15.960195541381836,8.404221534729004
1149.0,1.036009430885315,-2.6612708568573
1150.0,17.283184051513672,3.642688751220703
1151.0,-0.3510034382343292,0.4787902235984802
1152.0,12.303592681884766,-6.873774528503418
1153.0,16.58791160583496,9.264545440673828
1154.0,15.538824081420898,-0.26937782764434814
1155.0,0.22569777071475983,7.254261016845703
1156.0,13.704974174499512,11.849174499511719
1157.0,16.86153793334961,-0.3039426803588867
1158.0,-0.04986739158630371,-1.8626906871795654
1159.0,12.598923683166504,-6.1978302001953125
1160.0,13.666508674621582,-2.943713665008545
1161.0,3.0820889472961426,-4.416932582855225
1162.0,8.350428581237793,10.140252113342285
1163.0,15.275367736816406,-1.5026110410690308
1164.0,17.508806228637695,1.2277601957321167
1165.0,17.42772674560547,0.11999484896659851
1166.0,-0.4093141555786133,1.5383436679840088
1167.0,0.2883444130420685,-2.792907476425171
1168.0,15.059490203857422,-2.9342546463012695
1169.0,11.015294075012207,-6.974780082702637
1170.0,0.9170498251914978,7.742161750793457
1171.0,11.441612243652344,12.171733856201172
1172.0,4.739442825317383,-9.253207206726074
1173.0,9.157503128051758,11.045197486877441
1174.0,17.492326736450195,4.485467910766602
1175.0,17.49268341064453,1.1668143272399902
1176.0,17.26970863342285,4.700995445251465
1177.0,11.698628425598145,-5.641068935394287
1178.0,-0.23707431554794312,0.5740790367126465
1179.0,8.282326698303223,10.284305572509766
1180.0,2.9907994270324707,-4.4631524085998535
1181.0,15.777506828308105,4.891164779663086
1182.0,-1.1860579252243042,11.750149726867676
1183.0,6.054139614105225,-9.783140182495117
1184.0,13.820514678955078,-3.4410979747772217
1185.0,0.4041728377342224,-2.3613455295562744
1186.0,16.36026382446289,-0.4160173237323761
1187.0,0.15966975688934326,-2.0919861793518066
1188.0,14.300359725952148,12.458946228027344
1189.0,1.3778438568115234,-3.9770336151123047
1190.0,7.839410781860352,9.858123779296875
1191.0,14.933416366577148,-2.198270559310913
1192.0,16.003406524658203,5.000920295715332
1193.0,13.363800048828125,-6.514362812042236
1194.0,14.685802459716797,12.015935897827148
1195.0,17.665843963623047,1.9927693605422974
1196.0,8.155620574951172,11.050776481628418
1197.0,1.2920533418655396,-3.8622264862060547
1198.0,2.991044521331787,-7.633683204650879
1199.0,7.2809858322143555,-9.562307357788086
1200.0,8.8005952835083,10.8677396774292
1201.0,15.629712104797363,8.525814056396484
1202.0,16.319746017456055,5.580081462860107
1203.0,-0.32934242486953735,2.361607074737549
1204.0,12.339385986328125,12.555402755737305
1205.0,1.558245301246643,4.708425521850586
1206.0,16.285545349121094,4.197233200073242
1207.0,12.243083953857422,-6.534016132354736
1208.0,17.7503604888916,1.964452862739563
1209.0,1.3646560907363892,-4.34922456741333
1210.0,0.824984610080719,-4.253408432006836
1211.0,16.478443145751953,6.682043552398682
1212.0,18.01629638671875,8.388384819030762
1213.0,1.4203102588653564,5.997355937957764
1214.0,3.56143856048584,-7.056247234344482
1215.0,5.654201030731201,3.626025915145874
1216.0,2.644663095474243,-6.205707550048828
1217.0,17.438915252685547,3.5894713401794434
1218.0,15.150299072265625,11.047378540039062
1219.0,15.540318489074707,-0.5006345510482788
1220.0,6.019464492797852,4.235594272613525
1221.0,15.575516700744629,7.399534702301025
1222.0,4.12821626663208,-6.6910834312438965
1223.0,16.194175720214844,6.7792487144470215
1224.0,0.5962502956390381,-1.4006736278533936
1225.0,7.238371849060059,8.708662986755371
1226.0,-0.7168945670127869,11.224355697631836
1227.0,3.6654303073883057,-6.196213245391846
1228.0,0.24488194286823273,3.4889495372772217
1229.0,-0.31546759605407715,0.5281139016151428
1230.0,17.98855209350586,1.9334129095077515
1231.0,17.152809143066406,8.147407531738281
1232.0,15.200835227966309,-1.4174933433532715
1233.0,11.466108322143555,-5.839513778686523
1234.0,1.465336799621582,5.962728023529053
1235.0,1.359670639038086,6.9856157302856445
1236.0,0.5778273940086365,-3.2808942794799805
1237.0,0.9879682064056396,5.53444766998291
1238.0,7.341970443725586,8.724204063415527
1239.0,2.005932331085205,-5.288568496704102
1240.0,15.831125259399414,4.712342262268066
1241.0,6.431218147277832,7.645382881164551
1242.0,16.099994659423828,-0.12473694235086441
1243.0,11.25108814239502,-6.887470722198486
1244.0,13.807167053222656,12.283723831176758
1245.0,4.063376426696777,-8.077232360839844
1246.0,-1.3067541122436523,10.535369873046875
1247.0,16.501102447509766,1.7475206851959229
1248.0,1.137939691543579,-3.0083975791931152
1249.0,2.2517619132995605,-5.747027397155762
1250.0,-0.3033371865749359,0.6886308193206787
1251.0,10.761903762817383,12.245627403259277
1252.0,4.630829334259033,-7.630138397216797
1253.0,0.5634888410568237,7.104739189147949
1254.0,10.671737670898438,12.219100952148438
1255.0,1.8999083042144775,5.054361820220947
1256.0,16.14166259765625,3.529205799102783
1257.0,15.190225601196289,-1.5230447053909302
1258.0,13.030072212219238,-5.20869255065918
1259.0,9.320905685424805,-8.539573669433594
1260.0,16.75482749938965,9.057823181152344
1261.0,7.520446300506592,-9.888669967651367
1262.0,7.677305698394775,9.868120193481445
1263.0,-0.18593981862068176,0.7838839888572693
1264.0,10.407397270202637,-8.850165367126465
1265.0,15.989502906799316,-0.8793203830718994
1266.0,17.856210708618164,8.42147159576416
1267.0,16.587221145629883,3.4308533668518066
1268.0,9.413496971130371,12.077577590942383
1269.0,6.211703300476074,7.524064064025879
1270.0,10.55921745300293,11.640433311462402
1271.0,10.435981750488281,-7.8623151779174805
1272.0,0.6568834185600281,3.410682201385498
1273.0,14.21007251739502,-1.22418212890625
1274.0,15.829419136047363,8.86056900024414
1275.0,7.21854305267334,9.351920127868652
1276.0,10.738784790039062,12.312789916992188
1277.0,17.601991653442383,0.5349105596542358
1278.0,1.8460909128189087,-5.234871864318848
1279.0,13.783208847045898,-3.922245740890503
1280.0,15.402518272399902,-0.38661250472068787
1281.0,-0.3274092674255371,-0.8654715418815613
1282.0,8.844940185546875,-9.04552173614502
1283.0,2.305784225463867,-5.909956932067871
1284.0,13.822234153747559,-5.471602916717529
1285.0,10.369203567504883,-9.770925521850586
1286.0,9.425393104553223,-8.483580589294434
1287.0,16.205764770507812,6.621690273284912
1288.0,16.45705223083496,6.375690937042236
1289.0,12.799219131469727,12.18742847442627
1290.0,3.092665433883667,-4.444504737854004
1291.0,17.560867309570312,8.549636840820312
1292.0,13.7229642868042,-3.243129014968872
1293.0,0.7899885773658752,4.701566696166992
1294.0,12.35409164428711,-6.495059013366699
1295.0,16.558534622192383,8.321830749511719
1296.0,2.9788057804107666,-6.407798767089844
1297.0,2.804708242416382,-7.463977813720703
1298.0,17.01742172241211,5.336441993713379
1299.0,0.5016400814056396,2.2906253337860107
1300.0,11.358148574829102,11.850420951843262
1301.0,16.176307678222656,-0.9413617253303528
1302.0,8.591682434082031,10.669279098510742
1303.0,0.8304677605628967,-1.7007092237472534
1304.0,16.455718994140625,7.873137474060059
1305.0,-2.275892734527588,19.940929412841797
1306.0,16.16048240661621,5.400613307952881
1307.0,17.3590145111084,4.607119083404541
1308.0,0.15638194978237152,-1.5371521711349487
1309.0,16.249191284179688,4.50600528717041
1310.0,6.382356643676758,7.071145057678223
1311.0,17.8341064453125,2.6323742866516113
1312.0,16.497962951660156,9.88503360748291
1313.0,8.328856468200684,10.69128131866455
1314.0,10.821233749389648,12.9135160446167
1315.0,13.858843803405762,-3.5395712852478027
1316.0,0.10441753268241882,-2.328066349029541
1317.0,17.679527282714844,8.690848350524902
1318.0,-1.0637011528015137,7.6116042137146
1319.0,15.949542999267578,9.993880271911621
1320.0,11.064467430114746,12.376500129699707
1321.0,4.019901275634766,-6.481047630310059
1322.0,16.921602249145508,7.657829284667969
1323.0,4.946276664733887,-7.9216437339782715
1324.0,17.065141677856445,8.664098739624023
1325.0,16.127866744995117,10.305815696716309
1326.0,13.70793628692627,12.402412414550781
1327.0,3.176715135574341,-6.7948198318481445
1328.0,13.750031471252441,-3.413994550704956
1329.0,17.21392250061035,1.8862425088882446
1330.0,12.945564270019531,-6.8059844970703125
1331.0,8.11227798461914,-9.476544380187988
1332.0,0.6359868049621582,-1.1924775838851929
1333.0,16.130897521972656,3.353639602661133
1334.0,15.901127815246582,9.372294425964355
1335.0,14.354089736938477,12.258256912231445
1336.0,16.012451171875,4.6316328048706055
1337.0,-0.3291611969470978,-1.4030733108520508
1338.0,2.358027696609497,-4.596349716186523
1339.0,-1.6402428150177002,8.437923431396484
1340.0,17.37795639038086,1.584286093711853
1341.0,4.516384601593018,-8.972525596618652
1342.0,3.278350591659546,-6.718774795532227
1343.0,0.9833617210388184,5.250697612762451
1344.0,15.785971641540527,4.571375370025635
1345.0,0.12882794439792633,-0.9419113397598267
1346.0,-0.004081435967236757,-1.6150118112564087
1347.0,11.995793342590332,12.023362159729004
1348.0,1.523497223854065,6.268259048461914
1349.0,17.64835548400879,1.1476958990097046
1350.0,-0.3541516661643982,7.434699535369873
1351.0,8.380356788635254,10.928637504577637
1352.0,9.627891540527344,11.664219856262207
1353.0,13.176239013671875,-6.6035261154174805
1354.0,0.49420201778411865,6.6555681228637695
1355.0,12.478271484375,-6.412829875946045
1356.0,3.7823753356933594,-6.315162658691406
1357.0,8.686224937438965,-9.055180549621582
1358.0,16.564069747924805,8.935381889343262
1359.0,16.969823837280273,3.261695623397827
1360.0,14.136514663696289,-1.0819618701934814
1361.0,-0.09908707439899445,0.9222089648246765
1362.0,5.297111988067627,-8.178821563720703
1363.0,5.19003438949585,-8.981856346130371
1364.0,17.23780632019043,1.6666300296783447
1365.0,-0.1781720668077469,2.2392361164093018
1366.0,16.425891876220703,1.8141448497772217
1367.0,13.361898422241211,-3.0012593269348145
1368.0,13.759095191955566,-5.566944122314453
1369.0,1.5132478475570679,-4.909251689910889
1370.0,11.722810745239258,12.396936416625977
1371.0,12.457132339477539,-6.599710464477539
1372.0,5.6827921867370605,-8.418898582458496
1373.0,16.541885375976562,-0.012400278821587563
1374.0,8.445091247558594,10.836071014404297
1375.0,2.7252728939056396,-5.048363208770752
1376.0,16.31082534790039,5.098738193511963
1377.0,9.89474105834961,11.897560119628906
1378.0,-0.7703492045402527,11.001212120056152
1379.0,11.48758316040039,-5.701300144195557
1380.0,8.741524696350098,-8.997220039367676
1381.0,8.124469757080078,10.113282203674316
1382.0,9.064910888671875,10.849801063537598
1383.0,0.0015874081291258335,-0.7560697197914124
1384.0,15.683104515075684,10.897708892822266
1385.0,1.8891421556472778,5.0489888191223145
1386.0,7.893553256988525,11.00935173034668
1387.0,-1.280025839805603,10.633095741271973
1388.0,6.705960273742676,9.05138874053955
1389.0,16.328014373779297,5.138025283813477
1390.0,2.171093225479126,-5.757540702819824
1391.0,1.6840051412582397,5.707840919494629
1392.0,16.94765281677246,4.037147521972656
1393.0,13.545401573181152,-3.7497153282165527
1394.0,1.6594594717025757,-4.114053726196289
1395.0,16.221872329711914,-1.6534782648086548
1396.0,0.6097234487533569,3.924163341522217
1397.0,7.48087215423584,9.09372615814209
1398.0,7.680213451385498,9.697916030883789
1399.0,5.8766093254089355,-9.43466567993164
1400.0,16.819711685180664,3.2003986835479736
1401.0,15.088539123535156,-1.29473078250885
1402.0,13.326269149780273,-6.60107421875
1403.0,0.9355388283729553,7.729511260986328
1404.0,13.027698516845703,-5.993046283721924
1405.0,11.628314018249512,-5.427404880523682
1406.0,16.66004753112793,9.14158821105957
1407.0,15.07226848602295,11.689494132995605
1408.0,10.274887084960938,-8.05978775024414
1409.0,16.548480987548828,6.196634769439697
1410.0,6.2568678855896,6.174939155578613
1411.0,14.207498550415039,12.088576316833496
1412.0,7.387277126312256,9.956038475036621
1413.0,11.484376907348633,11.88081169128418
1414.0,11.761800765991211,-7.290343284606934
1415.0,15.771851539611816,9.014615058898926
1416.0,16.280437469482422,2.3013715744018555
1417.0,17.10204315185547,3.188441276550293
1418.0,17.92555046081543,1.8369380235671997
1419.0,15.532608032226562,9.284656524658203
1420.0,15.071446418762207,11.732552528381348
1421.0,17.18048858642578,7.98019552230835
1422.0,11.878856658935547,12.594115257263184
1423.0,-1.7359273433685303,8.532120704650879
1424.0,16.07460594177246,-1.7944107055664062
1425.0,12.44987678527832,12.312807083129883
1426.0,6.215480804443359,5.967502593994141
1427.0,17.47214126586914,2.4364943504333496
1428.0,10.898003578186035,-8.602131843566895
1429.0,10.836984634399414,12.211394309997559
1430.0,10.249265670776367,-9.163573265075684
1431.0,11.000091552734375,12.421820640563965
1432.0,11.122636795043945,-7.291882514953613
1433.0,17.661596298217773,0.7978081107139587
1434.0,6.205380439758301,6.038997650146484
1435.0,7.5576019287109375,-9.781956672668457
1436.0,-0.3028447926044464,12.244690895080566
1437.0,16.783044815063477,7.528144359588623
1438.0,15.9580659866333,-0.9462843537330627
1439.0,0.8513283729553223,-3.1464076042175293
1440.0,5.4930267333984375,-8.299034118652344
1441.0,7.983913898468018,10.243595123291016
1442.0,9.302938461303711,-8.604124069213867
1443.0,17.94841766357422,8.360113143920898
1444.0,17.132280349731445,2.436302423477173
1445.0,6.504645824432373,8.94638442993164
1446.0,6.4594621658325195,7.116099834442139
1447.0,6.519411087036133,7.0886735916137695
1448.0,14.475918769836426,-1.2027467489242554
1449.0,5.51229190826416,3.4217710494995117
1450.0,3.1237189769744873,-6.6076459884643555
1451.0,15.854358673095703,5.1396050453186035
1452.0,6.258208751678467,6.485567569732666
1453.0,16.836055755615234,0.1344173103570938
1454.0,15.937849044799805,8.618826866149902
1455.0,7.493896484375,9.63496208190918
1456.0,6.3034515380859375,5.982093334197998
1457.0,11.83166790008545,12.423690795898438
1458.0,6.462811470031738,6.967630386352539
1459.0,11.764823913574219,11.880756378173828
1460.0,5.775078296661377,-9.70956802368164
1461.0,13.943648338317871,12.083321571350098
1462.0,16.643888473510742,-0.28633707761764526
1463.0,7.344662189483643,9.626334190368652
1464.0,6.330763339996338,7.670226573944092
1465.0,10.970019340515137,12.506693840026855
1466.0,5.804937839508057,3.911107301712036
1467.0,6.109942436218262,4.817452430725098
1468.0,16.910232543945312,-0.1606377512216568
1469.0,5.922616481781006,4.167466163635254
1470.0,-0.8192201852798462,8.599760055541992
1471.0,15.48939037322998,-2.629598617553711
1472.0,5.46757173538208,-8.319573402404785
1473.0,1.1021521091461182,7.347139835357666
1474.0,3.6224896907806396,-7.021064758300781
1475.0,15.890159606933594,10.547203063964844
1476.0,16.606243133544922,3.3886613845825195
1477.0,15.773736953735352,4.8956780433654785
1478.0,14.56282901763916,10.554237365722656
1479.0,0.22147490084171295,-2.8854713439941406
1480.0,7.0211181640625,8.103839874267578
1481.0,12.42928695678711,12.519670486450195
1482.0,10.714838027954102,12.161347389221191
1483.0,5.218029022216797,-8.631547927856445
1484.0,6.2469024658203125,6.146218776702881
1485.0,16.264883041381836,2.801391124725342
1486.0,-0.7525648474693298,8.502864837646484
1487.0,11.624549865722656,-5.5847978591918945
1488.0,7.579869270324707,-9.462018013000488
1489.0,1.888748049736023,5.405290126800537
1490.0,17.246837615966797,1.7089277505874634
1491.0,16.71595001220703,6.999469757080078
1492.0,12.729477882385254,-4.23460578918457
1493.0,14.297796249389648,-1.077963948249817
1494.0,16.764745712280273,8.053377151489258
1495.0,16.03160858154297,7.526086807250977
1496.0,15.170565605163574,-1.4498960971832275
1497.0,12.432602882385254,12.330820083618164
1498.0,3.700857162475586,-7.38368558883667
1499.0,16.8463134765625,8.940239906311035
1500.0,-0.834655225276947,7.535898208618164
1501.0,-0.5590323805809021,7.890989303588867
1502.0,16.07501983642578,-0.11809828132390976
1503.0,1.531842589378357,-4.8644185066223145
1504.0,0.8474338054656982,14.207646369934082
1505.0,11.734529495239258,-6.459116458892822
1506.0,14.758078575134277,11.930824279785156
1507.0,16.29265022277832,6.579303741455078
1508.0,14.347726821899414,12.400466918945312
1509.0,16.909719467163086,7.651451110839844
1510.0,3.8520193099975586,-7.883152008056641
1511.0,11.882284164428711,-7.430420875549316
1512.0,13.488760948181152,11.999236106872559
1513.0,6.164196491241455,4.898554801940918
1514.0,0.016534967347979546,2.1734893321990967
1515.0,10.551385879516602,12.831961631774902
1516.0,13.762351036071777,-5.638093948364258
1517.0,16.882251739501953,3.4012413024902344
1518.0,17.21522331237793,8.411500930786133
1519.0,8.684643745422363,11.407285690307617
1520.0,14.186691284179688,-2.9534802436828613
1521.0,3.67990779876709,-6.387655258178711
1522.0,12.487285614013672,12.339781761169434
1523.0,13.920413970947266,-1.2140215635299683
1524.0,8.529786109924316,10.587809562683105
1525.0,17.269922256469727,9.051593780517578
1526.0,10.041996002197266,-8.201129913330078
1527.0,16.716373443603516,3.318476676940918
1528.0,3.1702301502227783,-4.37635612487793
1529.0,9.168354034423828,11.083001136779785
1530.0,8.10391616821289,11.034448623657227
1531.0,16.387815475463867,1.4923806190490723
1532.0,16.304821014404297,6.4282636642456055
1533.0,17.07103729248047,8.424933433532715
1534.0,14.102011680603027,12.293503761291504
1535.0,7.979827404022217,11.045585632324219
1536.0,6.230446815490723,7.650096893310547
1537.0,16.587495803833008,10.035219192504883
1538.0,15.365215301513672,-2.854278087615967
1539.0,7.914176940917969,-9.698244094848633
1540.0,-1.7581408023834229,8.547719955444336
1541.0,16.49073028564453,9.927359580993652
1542.0,7.307758808135986,8.863607406616211
1543.0,11.154670715332031,12.632994651794434
1544.0,16.467708587646484,10.155542373657227
1545.0,6.91998291015625,-9.27908706665039
1546.0,8.932451248168945,-9.21191120147705
1547.0,14.420027732849121,12.226842880249023
1548.0,17.2423095703125,7.84764289855957
1549.0,6.370581150054932,-9.199220657348633
1550.0,16.679916381835938,9.714628219604492
1551.0,10.034151077270508,11.985236167907715
1552.0,16.14826202392578,5.219879150390625
1553.0,0.3562232553958893,7.446432590484619
1554.0,3.3602421283721924,-7.088822364807129
1555.0,9.409791946411133,12.126503944396973
1556.0,15.314865112304688,-2.8160314559936523
1557.0,12.621498107910156,-4.375184059143066
1558.0,17.136756896972656,-0.24208778142929077
1559.0,11.002863883972168,-7.045129299163818
1560.0,0.346780002117157,7.785398006439209
1561.0,-1.2909791469573975,9.42065143585205
1562.0,1.4226672649383545,6.816393852233887
1563.0,12.095888137817383,-5.775562286376953
1564.0,16.10247039794922,0.7497321367263794
1565.0,2.271369457244873,15.924154281616211
1566.0,11.46554183959961,-7.3965301513671875
1567.0,16.435592651367188,5.855891227722168
1568.0,11.388840675354004,-5.703771591186523
1569.0,6.769375324249268,9.36691951751709
1570.0,7.00762414932251,-10.091487884521484
1571.0,5.9667840003967285,7.988681793212891
1572.0,11.17619514465332,11.622834205627441
1573.0,16.045072555541992,8.30914306640625
1574.0,13.88376235961914,-1.2463595867156982
1575.0,17.275604248046875,4.543576717376709
1576.0,12.125852584838867,11.758540153503418
1577.0,8.715867042541504,10.244039535522461
1578.0,10.486319541931152,-7.651810646057129
1579.0,15.467632293701172,7.923696517944336
1580.0,15.87862777709961,7.930800437927246
1581.0,11.968802452087402,11.771623611450195
1582.0,15.442214965820312,9.451972007751465
1583.0,16.299589157104492,8.580493927001953
1584.0,9.979949951171875,-9.284438133239746
1585.0,-0.35415250062942505,2.3804409503936768
1586.0,7.084926605224609,9.547693252563477
1587.0,7.179155349731445,8.865097999572754
1588.0,6.3221049308776855,6.550121307373047
1589.0,6.346133232116699,-9.369828224182129
1590.0,6.1640424728393555,4.309311389923096
1591.0,11.126182556152344,-6.724911212921143
1592.0,17.676494598388672,1.4065773487091064
1593.0,-0.38872042298316956,1.3838884830474854
1594.0,6.542478561401367,8.031366348266602
1595.0,13.55839729309082,-1.7963358163833618
1596.0,10.694941520690918,-9.32365894317627
1597.0,1.7030826807022095,-5.373790740966797
1598.0,16.021583557128906,10.55645751953125
1599.0,6.583355903625488,9.228981971740723
1600.0,17.397123336791992,3.4230854511260986
1601.0,17.0729923248291,2.91900634765625
1602.0,0.07221395522356033,0.1179644837975502
1603.0,17.325349807739258,3.6765506267547607
1604.0,13.848134994506836,-1.3964639902114868
1605.0,16.384380340576172,0.9129951000213623
1606.0,1.4558402299880981,5.905311584472656
1607.0,6.210015773773193,4.653853893280029
1608.0,6.2995781898498535,4.3616414070129395
1609.0,1.5471043586730957,15.271345138549805
1610.0,15.844659805297852,7.276425838470459
1611.0,0.6513851284980774,-1.133122444152832
1612.0,10.024798393249512,-9.069475173950195
1613.0,13.204902648925781,-2.0859217643737793
1614.0,8.817329406738281,10.458307266235352
1615.0,2.9497714042663574,-7.535930633544922
1616.0,16.436595916748047,4.088472366333008
1617.0,6.276167869567871,7.4582719802856445
1618.0,15.657906532287598,0.23876157402992249
1619.0,17.35317039489746,3.7852230072021484
1620.0,6.6844353675842285,9.423089027404785
1621.0,-1.294817328453064,11.023859977722168
1622.0,-0.4862044155597687,2.603188991546631
1623.0,16.945026397705078,4.934860706329346
1624.0,6.644144535064697,9.477496147155762
1625.0,6.305985450744629,6.104519367218018
1626.0,9.261005401611328,10.981717109680176
1627.0,-0.4558790624141693,7.762946605682373
1628.0,15.316596031188965,-0.6465332508087158
1629.0,6.858892917633057,-10.029748916625977
1630.0,10.749015808105469,-8.24755573272705
1631.0,5.695915699005127,3.6960694789886475
1632.0,4.812144756317139,-9.234192848205566
1633.0,6.973154067993164,-10.221781730651855
1634.0,6.160762310028076,7.954461574554443
1635.0,1.5997754335403442,4.751277446746826
1636.0,7.930947303771973,-9.863763809204102
1637.0,17.530954360961914,3.286973714828491
1638.0,16.756629943847656,1.395464539527893
1639.0,7.155422687530518,-10.020627975463867
1640.0,-0.4228147268295288,1.554746389389038
1641.0,5.59092378616333,3.5419771671295166
1642.0,16.60923194885254,1.1606215238571167
1643.0,5.951272010803223,7.937842845916748
1644.0,-1.22782564163208,7.973382949829102
1645.0,-0.5094389319419861,7.7179856300354
1646.0,11.835119247436523,12.230671882629395
1647.0,11.87197494506836,12.148098945617676
1648.0,9.414478302001953,10.815131187438965
1649.0,5.904218673706055,7.921908855438232
1650.0,7.3007307052612305,9.562155723571777
1651.0,0.543664276599884,13.447916030883789
1652.0,13.190717697143555,-1.725013256072998
1653.0,0.30211982131004333,-1.3461028337478638
1654.0,17.19926643371582,3.354191541671753
1655.0,-1.6322485208511353,8.83716106414795
1656.0,13.802558898925781,11.883662223815918
1657.0,0.38877442479133606,-0.5122113227844238
1658.0,6.164178848266602,7.319904804229736
1659.0,1.3620353937149048,-4.6099982261657715
1660.0,6.294849395751953,6.313595294952393
1661.0,14.881389617919922,10.915872573852539
1662.0,16.91002655029297,1.2554339170455933
1663.0,17.275739669799805,2.0927319526672363
1664.0,0.28273212909698486,-0.5874358415603638
1665.0,10.675890922546387,-9.621833801269531
1666.0,13.3143892288208,-3.063093423843384
1667.0,-1.049312710762024,12.283321380615234
1668.0,11.142184257507324,11.670348167419434
1669.0,16.453651428222656,5.54414176940918
1670.0,0.593299925327301,-1.1370126008987427
1671.0,15.389487266540527,-0.8657136559486389
1672.0,6.656930446624756,9.309615135192871
1673.0,10.476449966430664,11.594038009643555
